hero_x,hero_y,cnt
PATRIOT/JEFF MACE,MISS AMERICA/MADELIN,1894
THING/BENJAMIN J. GR,HUMAN TORCH/JOHNNY S,744
HUMAN TORCH/JOHNNY S,MR. FANTASTIC/REED R,713
MR. FANTASTIC/REED R,THING/BENJAMIN J. GR,708
INVISIBLE WOMAN/SUE ,MR. FANTASTIC/REED R,701
INVISIBLE WOMAN/SUE ,HUMAN TORCH/JOHNNY S,694
INVISIBLE WOMAN/SUE ,THING/BENJAMIN J. GR,668
"WATSON-PARKER, MARY ",SPIDER-MAN/PETER PAR,616
"JAMESON, J. JONAH",SPIDER-MAN/PETER PAR,526
CAPTAIN AMERICA,IRON MAN/TONY STARK ,446
VISION ,SCARLET WITCH/WANDA ,422
ANT-MAN/DR. HENRY J.,WASP/JANET VAN DYNE ,406
MARVEL GIRL/JEAN GRE,CYCLOPS/SCOTT SUMMER,390
STORM/ORORO MUNROE S,WOLVERINE/LOGAN ,389
THOR/DR. DONALD BLAK,CAPTAIN AMERICA,386
CAPTAIN AMERICA,VISION ,385
WASP/JANET VAN DYNE ,CAPTAIN AMERICA,384
SPIDER-MAN/PETER PAR,"PARKER, MAY",380
CAPTAIN AMERICA,SCARLET WITCH/WANDA ,374
IRON MAN/TONY STARK ,SCARLET WITCH/WANDA ,372
SPIDER-MAN/PETER PAR,"ROBERTSON, JOE",356
IRON MAN/TONY STARK ,THOR/DR. DONALD BLAK,344
STORM/ORORO MUNROE S,COLOSSUS II/PETER RA,344
ICEMAN/ROBERT BOBBY ,ANGEL/WARREN KENNETH,335
VISION ,IRON MAN/TONY STARK ,333
COLOSSUS II/PETER RA,WOLVERINE/LOGAN ,331
HAWK,CAPTAIN AMERICA,322
BEAST/HENRY &HANK& P,ICEMAN/ROBERT BOBBY ,319
BEAST/HENRY &HANK& P,CYCLOPS/SCOTT SUMMER,317
ANGEL/WARREN KENNETH,BEAST/HENRY &HANK& P,309
MARVEL GIRL/JEAN GRE,ICEMAN/ROBERT BOBBY ,309
PROFESSOR X/CHARLES ,CYCLOPS/SCOTT SUMMER,308
MARVEL GIRL/JEAN GRE,BEAST/HENRY &HANK& P,307
COLOSSUS II/PETER RA,NIGHTCRAWLER/KURT WA,303
WASP/JANET VAN DYNE ,IRON MAN/TONY STARK ,301
SCARLET WITCH/WANDA ,HAWK,301
BUCKY/BUCKY BARNES,CAPTAIN AMERICA,301
ICEMAN/ROBERT BOBBY ,CYCLOPS/SCOTT SUMMER,299
ANT-MAN/DR. HENRY J.,CAPTAIN AMERICA,295
HAWK,IRON MAN/TONY STARK ,294
ANGEL/WARREN KENNETH,CYCLOPS/SCOTT SUMMER,293
ANT-MAN/DR. HENRY J.,IRON MAN/TONY STARK ,291
"JAMESON, J. JONAH","ROBERTSON, JOE",286
ANGEL/WARREN KENNETH,MARVEL GIRL/JEAN GRE,285
WOLVERINE/LOGAN ,CYCLOPS/SCOTT SUMMER,277
NIGHTCRAWLER/KURT WA,SHADOWCAT/KATHERINE ,276
WASP/JANET VAN DYNE ,SCARLET WITCH/WANDA ,273
HAWK,WASP/JANET VAN DYNE ,269
WOLVERINE/LOGAN ,NIGHTCRAWLER/KURT WA,267
ODIN [ASGARDIAN],THOR/DR. DONALD BLAK,266
HAWK,ANT-MAN/DR. HENRY J.,263
DAREDEVIL/MATT MURDO,"NELSON, FRANKLIN FOG",261
WONDER MAN/SIMON WIL,SCARLET WITCH/WANDA ,261
STORM/ORORO MUNROE S,CYCLOPS/SCOTT SUMMER,261
PROFESSOR X/CHARLES ,STORM/ORORO MUNROE S,261
THOR/DR. DONALD BLAK,VISION ,255
WASP/JANET VAN DYNE ,VISION ,254
THOR/DR. DONALD BLAK,SCARLET WITCH/WANDA ,254
HAWK,VISION ,253
NIGHTCRAWLER/KURT WA,STORM/ORORO MUNROE S,250
"BANNER, BETTY ROSS T",HULK/DR. ROBERT BRUC,249
IRON MAN/TONY STARK ,WONDER MAN/SIMON WIL,249
SPIDER-MAN/PETER PAR,"LEEDS, BETTY BRANT",249
PROFESSOR X/CHARLES ,WOLVERINE/LOGAN ,248
"JARVIS, EDWIN ",CAPTAIN AMERICA,244
ANT-MAN/DR. HENRY J.,SCARLET WITCH/WANDA ,244
SPIDER-MAN/PETER PAR,"THOMPSON, EUGENE FLA",240
VISION ,ANT-MAN/DR. HENRY J.,239
WASP/JANET VAN DYNE ,THOR/DR. DONALD BLAK,238
PROFESSOR X/CHARLES ,COLOSSUS II/PETER RA,236
"WATSON-PARKER, MARY ","JAMESON, J. JONAH",235
ROGUE /,WOLVERINE/LOGAN ,232
INVISIBLE WOMAN/SUE ,"RICHARDS, FRANKLIN B",230
MR. FANTASTIC/REED R,"RICHARDS, FRANKLIN B",228
FANDRAL [ASGARDIAN],HOGUN [ASGARDIAN],227
WONDER MAN/SIMON WIL,VISION ,226
ROGUE /,STORM/ORORO MUNROE S,224
HOGUN [ASGARDIAN],VOLSTAGG,220
VOLSTAGG,FANDRAL [ASGARDIAN],217
WONDER MAN/SIMON WIL,CAPTAIN AMERICA,216
MARVEL GIRL/JEAN GRE,PROFESSOR X/CHARLES ,214
HAWK,THOR/DR. DONALD BLAK,210
QUICKSILVER/PIETRO M,SCARLET WITCH/WANDA ,210
BALDER [ASGARDIAN],THOR/DR. DONALD BLAK,209
DR. STRANGE/STEPHEN ,WONG,208
"PARKER, MAY","JAMESON, J. JONAH",208
HULK/DR. ROBERT BRUC,"ROSS, GEN. THADDEUS ",207
HAWK,WONDER MAN/SIMON WIL,206
ROGUE /,COLOSSUS II/PETER RA,205
CYCLOPS/SCOTT SUMMER,COLOSSUS II/PETER RA,205
THOR/DR. DONALD BLAK,SIF,204
"RICHARDS, FRANKLIN B",HUMAN TORCH/JOHNNY S,202
"RICHARDS, FRANKLIN B",THING/BENJAMIN J. GR,198
COLOSSUS II/PETER RA,SHADOWCAT/KATHERINE ,197
WONDER MAN/SIMON WIL,ANT-MAN/DR. HENRY J.,194
THOR/DR. DONALD BLAK,ANT-MAN/DR. HENRY J.,189
PROFESSOR X/CHARLES ,NIGHTCRAWLER/KURT WA,189
CAPTAIN AMERICA,FALCON/SAM WILSON,189
IRON MAN IV/JAMES R.,IRON MAN/TONY STARK ,189
PROFESSOR X/CHARLES ,BEAST/HENRY &HANK& P,188
"WATSON-PARKER, MARY ","PARKER, MAY",188
VOLSTAGG,THOR/DR. DONALD BLAK,187
"ROBERTSON, JOE","WATSON-PARKER, MARY ",186
WONDER MAN/SIMON WIL,WASP/JANET VAN DYNE ,186
THOR/DR. DONALD BLAK,HOGUN [ASGARDIAN],186
FANDRAL [ASGARDIAN],THOR/DR. DONALD BLAK,186
IRON MAN/TONY STARK ,"JARVIS, EDWIN ",183
PROFESSOR X/CHARLES ,ANGEL/WARREN KENNETH,183
"JARVIS, EDWIN ",VISION ,182
LOKI [ASGARDIAN],THOR/DR. DONALD BLAK,182
CAPTAIN AMERICA,HERCULES [GREEK GOD],182
SPIDER-MAN/PETER PAR,"OSBORN, HARRY",181
THING/BENJAMIN J. GR,"MASTERS, ALICIA REIS",179
CLEA,DR. STRANGE/STEPHEN ,178
"JAMESON, J. JONAH","LEEDS, BETTY BRANT",178
SUNSPOT/ROBERTO DACO,CANNONBALL II/SAM GU,178
ICEMAN/ROBERT BOBBY ,PROFESSOR X/CHARLES ,174
"JONES, RICHARD MILHO",HULK/DR. ROBERT BRUC,173
CAPTAIN AMERICA,SHE-HULK/JENNIFER WA,172
SHADOWCAT/KATHERINE ,WOLVERINE/LOGAN ,169
BEAST/HENRY &HANK& P,CAPTAIN AMERICA,169
THING/BENJAMIN J. GR,CAPTAIN AMERICA,168
CAPTAIN AMERICA,MR. FANTASTIC/REED R,166
QUICKSILVER/PIETRO M,CAPTAIN AMERICA,165
PSYLOCKE/ELISABETH B,WOLVERINE/LOGAN ,164
BALDER [ASGARDIAN],SIF,164
"DUGAN, TIMOTHY ALOYI","FURY, COL. NICHOLAS ",164
STORM/ORORO MUNROE S,MARVEL GIRL/JEAN GRE,162
"JARVIS, EDWIN ",WASP/JANET VAN DYNE ,160
THOR/DR. DONALD BLAK,"JARVIS, EDWIN ",160
ODIN [ASGARDIAN],BALDER [ASGARDIAN],159
KA-ZAR/KEVIN PLUNDER,ZABU,159
NIGHTCRAWLER/KURT WA,CYCLOPS/SCOTT SUMMER,158
CAPTAIN AMERICA,SUB-MARINER/NAMOR MA,158
HUMAN TORCH/JOHNNY S,CAPTAIN AMERICA,158
VOLSTAGG,BALDER [ASGARDIAN],157
ODIN [ASGARDIAN],SIF,156
"PAGE, KAREN",DAREDEVIL/MATT MURDO,155
"FURY, COL. NICHOLAS ",CAPTAIN AMERICA,155
HULK/DR. ROBERT BRUC,DR. STRANGE/STEPHEN ,154
BALDER [ASGARDIAN],HOGUN [ASGARDIAN],154
FANDRAL [ASGARDIAN],BALDER [ASGARDIAN],154
STORM/ORORO MUNROE S,SHADOWCAT/KATHERINE ,154
"JARVIS, EDWIN ",SCARLET WITCH/WANDA ,153
QUICKSILVER/PIETRO M,HAWK,152
WOLFSBANE/RAHNE SINC,CANNONBALL II/SAM GU,150
CAPTAIN AMERICA,INVISIBLE WOMAN/SUE ,149
"ROSS, GEN. THADDEUS ","BANNER, BETTY ROSS T",148
MIRAGE II/DANIELLE M,CANNONBALL II/SAM GU,148
HAWK,MOCKINGBIRD/DR. BARB,147
SPIDER-MAN/PETER PAR,HUMAN TORCH/JOHNNY S,147
WOLVERINE/LOGAN ,BEAST/HENRY &HANK& P,146
ROGUE /,PSYLOCKE/ELISABETH B,146
CAPTAIN AMERICA,SPIDER-MAN/PETER PAR,145
WOLVERINE/LOGAN ,MARVEL GIRL/JEAN GRE,145
SCARLET WITCH/WANDA ,BEAST/HENRY &HANK& P,145
VISION ,BEAST/HENRY &HANK& P,144
"JAMESON, J. JONAH","THOMPSON, EUGENE FLA",144
MIRAGE II/DANIELLE M,SUNSPOT/ROBERTO DACO,144
"MASTERS, ALICIA REIS",MR. FANTASTIC/REED R,143
CAPTAIN AMERICA,BLACK WIDOW/NATASHA ,143
BEAST/HENRY &HANK& P,IRON MAN/TONY STARK ,142
"MASTERS, ALICIA REIS",INVISIBLE WOMAN/SUE ,141
"MASTERS, ALICIA REIS",HUMAN TORCH/JOHNNY S,141
QUICKSILVER/PIETRO M,VISION ,141
STORM/ORORO MUNROE S,BEAST/HENRY &HANK& P,139
BLACK WIDOW/NATASHA ,HERCULES [GREEK GOD],139
SPIDER-MAN/PETER PAR,"OSBORN, LIZ ALLAN",138
SIF,HOGUN [ASGARDIAN],137
HOGUN [ASGARDIAN],ODIN [ASGARDIAN],136
FANDRAL [ASGARDIAN],SIF,136
ODIN [ASGARDIAN],FANDRAL [ASGARDIAN],135
VOLSTAGG,ODIN [ASGARDIAN],135
PSYLOCKE/ELISABETH B,STORM/ORORO MUNROE S,134
SHE-HULK/JENNIFER WA,WASP/JANET VAN DYNE ,133
SIF,VOLSTAGG,132
ODIN [ASGARDIAN],LOKI [ASGARDIAN],132
BLACK PANTHER/T'CHAL,VISION ,132
SUNSPOT/ROBERTO DACO,WOLFSBANE/RAHNE SINC,131
CAPTAIN AMERICA,BLACK PANTHER/T'CHAL,131
ROGUE /,PROFESSOR X/CHARLES ,131
ROGUE /,NIGHTCRAWLER/KURT WA,130
GORGON [INHUMAN],KARNAK [INHUMAN],129
MR. FANTASTIC/REED R,THOR/DR. DONALD BLAK,129
IRON MAN/TONY STARK ,THING/BENJAMIN J. GR,129
HAVOK/ALEX SUMMERS ,POLARIS/LORNA DANE,129
SPIDER-MAN/PETER PAR,"WATSON, ANNA",128
MR. FANTASTIC/REED R,IRON MAN/TONY STARK ,128
QUICKSILVER/PIETRO M,ANT-MAN/DR. HENRY J.,128
SHE-HULK/JENNIFER WA,HUMAN TORCH/JOHNNY S,127
STORM/ORORO MUNROE S,ANGEL/WARREN KENNETH,127
"LEEDS, BETTY BRANT","WATSON-PARKER, MARY ",127
"CAGE, LUKE/CARL LUCA",IRON FIST/DANIEL RAN,126
CAPTAIN AMERICA,"CARTER, SHARON",126
THOR/DR. DONALD BLAK,THING/BENJAMIN J. GR,126
THING/BENJAMIN J. GR,SPIDER-MAN/PETER PAR,126
SHADOWCAT/KATHERINE ,PROFESSOR X/CHARLES ,125
THOR/DR. DONALD BLAK,WONDER MAN/SIMON WIL,125
"THOMPSON, EUGENE FLA","LEEDS, BETTY BRANT",124
HUMAN TORCH/JOHNNY S,THOR/DR. DONALD BLAK,124
QUICKSILVER/PIETRO M,WASP/JANET VAN DYNE ,124
BOOMER/TABITHA SMITH,CANNONBALL II/SAM GU,124
WOLVERINE/LOGAN ,ANGEL/WARREN KENNETH,123
"BANNER, BETTY ROSS T","JONES, RICHARD MILHO",123
SHE-HULK/JENNIFER WA,THOR/DR. DONALD BLAK,123
STORM/ORORO MUNROE S,GAMBIT/REMY LEBEAU ,122
BLACK BOLT/BLACKANTO,GORGON [INHUMAN],122
INVISIBLE WOMAN/SUE ,SHE-HULK/JENNIFER WA,122
MIRAGE II/DANIELLE M,WOLFSBANE/RAHNE SINC,122
BLACK WIDOW/NATASHA ,DAREDEVIL/MATT MURDO,122
SHE-HULK/JENNIFER WA,MR. FANTASTIC/REED R,122
DR. STRANGE/STEPHEN ,"NORRISS, SISTER BARB",122
CAPTAIN AMERICA,RED SKULL/JOHANN SCH,122
"LEEDS, BETTY BRANT","PARKER, MAY",122
SPIDER-MAN/PETER PAR,MR. FANTASTIC/REED R,121
BLACK BOLT/BLACKANTO,KARNAK [INHUMAN],121
CRYSTAL [INHUMAN],THING/BENJAMIN J. GR,121
ROGUE /,CYCLOPS/SCOTT SUMMER,121
ICEMAN/ROBERT BOBBY ,STORM/ORORO MUNROE S,121
"TALBOT, GLENN",HULK/DR. ROBERT BRUC,120
"THOMPSON, EUGENE FLA","WATSON-PARKER, MARY ",120
IRON MAN/TONY STARK ,BLACK PANTHER/T'CHAL,120
ANT-MAN/DR. HENRY J.,"JARVIS, EDWIN ",120
WOLVERINE/LOGAN ,HAVOK/ALEX SUMMERS ,120
CAPTAIN BRITAIN/BRIA,MEGGAN,120
HERCULES [GREEK GOD],VISION ,120
GAMBIT/REMY LEBEAU ,ROGUE /,120
BLACK WIDOW/NATASHA ,VISION ,120
CAPTAIN AMERICA,BLACK KNIGHT V/DANE ,119
THING/BENJAMIN J. GR,DR. DOOM/VICTOR VON ,119
HUMAN TORCH/JOHNNY S,CRYSTAL [INHUMAN],119
BEAST/HENRY &HANK& P,WASP/JANET VAN DYNE ,119
BLACK BOLT/BLACKANTO,MEDUSA/MEDUSALITH AM,119
CAPTAIN AMERICA,CAPTAIN MARVEL II/MO,119
NIGHTCRAWLER/KURT WA,MEGGAN,118
GAMBIT/REMY LEBEAU ,WOLVERINE/LOGAN ,118
HAVOK/ALEX SUMMERS ,STORM/ORORO MUNROE S,118
HULK/DR. ROBERT BRUC,"NORRISS, SISTER BARB",117
"HOGAN, VIRGINIA PEPP",IRON MAN/TONY STARK ,117
"THOMPSON, EUGENE FLA","PARKER, MAY",117
ANT-MAN/DR. HENRY J.,BLACK WIDOW/NATASHA ,117
MR. FANTASTIC/REED R,DR. DOOM/VICTOR VON ,115
"PAGE, KAREN","NELSON, FRANKLIN FOG",115
CAPTAIN MARVEL II/MO,WASP/JANET VAN DYNE ,115
"WATSON-PARKER, MARY ","OSBORN, HARRY",115
MEDUSA/MEDUSALITH AM,GORGON [INHUMAN],114
"LEEDS, BETTY BRANT","ROBERTSON, JOE",114
MEGGAN,SHADOWCAT/KATHERINE ,114
FIRESTAR/ANGELICA JO,JUSTICE II/VANCE AST,114
IRON MAN/TONY STARK ,"HOGAN, HAROLD J. HAP",114
HERCULES [GREEK GOD],THOR/DR. DONALD BLAK,114
PUCK/EUGENE MILTON J,"HUDSON, HEATHER",114
DR. DOOM/VICTOR VON ,HUMAN TORCH/JOHNNY S,114
INVISIBLE WOMAN/SUE ,IRON MAN/TONY STARK ,114
BLACK KNIGHT V/DANE ,HERCULES [GREEK GOD],113
MEDUSA/MEDUSALITH AM,KARNAK [INHUMAN],113
THOR/DR. DONALD BLAK,"KINCAID, DR. JANE FO",112
SUNSPOT/ROBERTO DACO,BOOMER/TABITHA SMITH,112
CRYSTAL [INHUMAN],QUICKSILVER/PIETRO M,112
HEIMDALL [ASGARDIAN],THOR/DR. DONALD BLAK,111
SPIDER-MAN/PETER PAR,"GRANT, GLORIA GLORY",111
HERCULES [GREEK GOD],WASP/JANET VAN DYNE ,111
THOR/DR. DONALD BLAK,INVISIBLE WOMAN/SUE ,111
CAPTAIN AMERICA,HULK/DR. ROBERT BRUC,111
WONDER MAN/SIMON WIL,BEAST/HENRY &HANK& P,110
QUICKSILVER/PIETRO M,IRON MAN/TONY STARK ,110
HULK/DR. ROBERT BRUC,DOC SAMSON/DR. LEONA,110
CYCLOPS/SCOTT SUMMER,HAVOK/ALEX SUMMERS ,110
LOKI [ASGARDIAN],BALDER [ASGARDIAN],110
CYCLOPS/SCOTT SUMMER,BANSHEE/SEAN CASSIDY,109
SPIDER-MAN/PETER PAR,"URICH, BEN",109
CAPTAIN BRITAIN/BRIA,NIGHTCRAWLER/KURT WA,109
SUB-MARINER/NAMOR MA,PATRIOT/JEFF MACE,108
SCARLET WITCH/WANDA ,BLACK PANTHER/T'CHAL,108
GAMBIT/REMY LEBEAU ,BEAST/HENRY &HANK& P,108
HUMAN TORCH/JOHNNY S,IRON MAN/TONY STARK ,108
WONDER MAN/SIMON WIL,TIGRA/GREER NELSON,107
CAPTAIN BRITAIN/BRIA,SHADOWCAT/KATHERINE ,107
ODIN [ASGARDIAN],HEIMDALL [ASGARDIAN],106
"JARVIS, EDWIN ",HAWK,106
BOOMER/TABITHA SMITH,THUNDERBIRD II/JAMES,106
"SUMMERS, NATHAN CHRI",MARVEL GIRL/JEAN GRE,105
TIGRA/GREER NELSON,HAWK,105
"ROBERTSON, JOE","PARKER, MAY",105
MR. FANTASTIC/REED R,CRYSTAL [INHUMAN],105
SUB-MARINER/NAMOR MA,HULK/DR. ROBERT BRUC,105
"OSBORN, HARRY","JAMESON, J. JONAH",105
QUASAR III/WENDELL V,CAPTAIN AMERICA,104
BEAST/HENRY &HANK& P,ROGUE /,104
SCARLET WITCH/WANDA ,USAGENT/CAPTAIN JOHN,104
MOCKINGBIRD/DR. BARB,WONDER MAN/SIMON WIL,104
PSYLOCKE/ELISABETH B,COLOSSUS II/PETER RA,104
"HUDSON, HEATHER",SASQUATCH/WALTER LAN,104
"TALBOT, GLENN","ROSS, GEN. THADDEUS ",103
"NORRISS, SISTER BARB",NIGHTHAWK II/KYLE RI,103
THOR/DR. DONALD BLAK,BLACK PANTHER/T'CHAL,103
SPIDER-MAN/PETER PAR,DAREDEVIL/MATT MURDO,103
SUB-MARINER/NAMOR MA,THING/BENJAMIN J. GR,102
INVISIBLE WOMAN/SUE ,SUB-MARINER/NAMOR MA,102
KINGPIN/WILSON FISK,SPIDER-MAN/PETER PAR,102
STORM/ORORO MUNROE S,CANNONBALL II/SAM GU,102
DAREDEVIL/MATT MURDO,KINGPIN/WILSON FISK,102
"TARR, BLACK JACK",SHANG-CHI,102
SHE-HULK/JENNIFER WA,VISION ,102
BANSHEE/SEAN CASSIDY,WOLVERINE/LOGAN ,102
COLOSSUS II/PETER RA,ANGEL/WARREN KENNETH,102
LOCKHEED,NIGHTCRAWLER/KURT WA,102
STORM/ORORO MUNROE S,BANSHEE/SEAN CASSIDY,101
ROGUE /,SHADOWCAT/KATHERINE ,101
THING/BENJAMIN J. GR,VISION ,101
CLEA,WONG,100
SHADOWCAT/KATHERINE ,LOCKHEED,100
ANT-MAN/DR. HENRY J.,HERCULES [GREEK GOD],100
"MACTAGGERT, MOIRA KI",COLOSSUS II/PETER RA,99
SUNSPOT/ROBERTO DACO,WARLOCK III,99
HAWK,BLACK WIDOW/NATASHA ,99
HUMAN TORCH/JOHNNY S,HULK/DR. ROBERT BRUC,99
SIF,LOKI [ASGARDIAN],99
THOR/DR. DONALD BLAK,QUICKSILVER/PIETRO M,99
HULK/DR. ROBERT BRUC,THING/BENJAMIN J. GR,99
SCARLET WITCH/WANDA ,THING/BENJAMIN J. GR,99
LOKI [ASGARDIAN],VOLSTAGG,98
SPIDER-MAN/PETER PAR,SPIDER-MAN CLONE/BEN,98
CANNONBALL II/SAM GU,WARLOCK III,98
ICEMAN/ROBERT BOBBY ,WOLVERINE/LOGAN ,98
"HOGAN, HAROLD J. HAP","HOGAN, VIRGINIA PEPP",98
VISION ,HUMAN TORCH/JOHNNY S,98
NIGHTCRAWLER/KURT WA,"MACTAGGERT, MOIRA KI",97
SPIDER-MAN/PETER PAR,INVISIBLE WOMAN/SUE ,97
THING/BENJAMIN J. GR,SHE-HULK/JENNIFER WA,97
NIGHTHAWK II/KYLE RI,HULK/DR. ROBERT BRUC,97
CLOAK/TYRONE JOHNSON,DAGGER/TANDY BOWEN,97
WOLVERINE/LOGAN ,CANNONBALL II/SAM GU,96
POLARIS/LORNA DANE,CYCLOPS/SCOTT SUMMER,96
INVISIBLE WOMAN/SUE ,CRYSTAL [INHUMAN],96
THUNDERBIRD II/JAMES,CANNONBALL II/SAM GU,96
"TALBOT, GLENN","BANNER, BETTY ROSS T",96
FALCON/SAM WILSON,REDWING,96
INVISIBLE WOMAN/SUE ,DR. DOOM/VICTOR VON ,96
AURORA/JEANNE-MARIE ,NORTHSTAR/JEAN-PAUL ,96
SCARLET WITCH/WANDA ,BLACK WIDOW/NATASHA ,95
HOGUN [ASGARDIAN],HEIMDALL [ASGARDIAN],95
BLACK PANTHER/T'CHAL,HAWK,95
COLOSSUS II/PETER RA,MARVEL GIRL/JEAN GRE,95
THOR/DR. DONALD BLAK,SPIDER-MAN/PETER PAR,95
MR. FANTASTIC/REED R,WASP/JANET VAN DYNE ,95
LYJA LAZERFIST [SKRU,HUMAN TORCH/JOHNNY S,95
HOGUN [ASGARDIAN],LOKI [ASGARDIAN],95
THING/BENJAMIN J. GR,MEDUSA/MEDUSALITH AM,95
FANDRAL [ASGARDIAN],LOKI [ASGARDIAN],95
ANT-MAN/DR. HENRY J.,BEAST/HENRY &HANK& P,95
PROFESSOR X/CHARLES ,GAMBIT/REMY LEBEAU ,95
WOLFSBANE/RAHNE SINC,WARLOCK III,94
BLACK WIDOW/NATASHA ,IRON MAN/TONY STARK ,94
MOON KNIGHT/MARC SPE,FRENCHIE/JEAN-PAUL D,94
CAPTAIN MARVEL II/MO,SHE-HULK/JENNIFER WA,94
QUICKSILVER/PIETRO M,BLACK WIDOW/NATASHA ,94
FANDRAL [ASGARDIAN],HEIMDALL [ASGARDIAN],94
SPIDER-MAN/PETER PAR,IRON MAN/TONY STARK ,94
SPIDER-MAN/PETER PAR,HULK/DR. ROBERT BRUC,93
BANSHEE/SEAN CASSIDY,COLOSSUS II/PETER RA,93
WONDER MAN/SIMON WIL,"JARVIS, EDWIN ",93
PHOENIX III/RACHEL S,NIGHTCRAWLER/KURT WA,93
IRON MAN/TONY STARK ,SHE-HULK/JENNIFER WA,93
BANSHEE/SEAN CASSIDY,JUBILEE/JUBILATION L,93
MEDUSA/MEDUSALITH AM,HUMAN TORCH/JOHNNY S,93
"WATSON, ANNA","WATSON-PARKER, MARY ",93
SPIDER-MAN/PETER PAR,"STACY, GWEN",93
MARVEL GIRL/JEAN GRE,GAMBIT/REMY LEBEAU ,92
HERCULES [GREEK GOD],QUICKSILVER/PIETRO M,92
WOLVERINE/LOGAN ,JUBILEE/JUBILATION L,92
SPIDER-MAN/PETER PAR,BLACK CAT/FELICIA HA,92
INVISIBLE WOMAN/SUE ,VISION ,92
DR. STRANGE/STEPHEN ,SUB-MARINER/NAMOR MA,92
SUB-MARINER/NAMOR MA,HUMAN TORCH/JOHNNY S,92
ROGUE /,MARVEL GIRL/JEAN GRE,91
SCARLET WITCH/WANDA ,SHE-HULK/JENNIFER WA,91
CANNONBALL II/SAM GU,MAGIK/ILLYANA RASPUT,91
HAVOK/ALEX SUMMERS ,COLOSSUS II/PETER RA,91
BEAST/HENRY &HANK& P,PSYLOCKE/ELISABETH B,91
PSYLOCKE/ELISABETH B,MARVEL GIRL/JEAN GRE,91
TRITON,GORGON [INHUMAN],91
TRITON,BLACK BOLT/BLACKANTO,91
PSYLOCKE/ELISABETH B,ANGEL/WARREN KENNETH,90
NORTHSTAR/JEAN-PAUL ,"HUDSON, HEATHER",90
THOR/DR. DONALD BLAK,BEAST/HENRY &HANK& P,90
HUMAN TORCH/JOHNNY S,WASP/JANET VAN DYNE ,90
"FURY, COL. NICHOLAS ",IRON MAN/TONY STARK ,90
BLACK WIDOW/NATASHA ,WASP/JANET VAN DYNE ,90
TRITON,KARNAK [INHUMAN],90
MR. FANTASTIC/REED R,VISION ,90
MR. FANTASTIC/REED R,HULK/DR. ROBERT BRUC,89
MR. FANTASTIC/REED R,SCARLET WITCH/WANDA ,89
PSYLOCKE/ELISABETH B,CYCLOPS/SCOTT SUMMER,89
"OSBORN, LIZ ALLAN","THOMPSON, EUGENE FLA",89
VOLSTAGG,HEIMDALL [ASGARDIAN],89
THING/BENJAMIN J. GR,WASP/JANET VAN DYNE ,89
SPIDER-MAN/PETER PAR,DR. OCTOPUS/OTTO OCT,89
NIGHTHAWK II/KYLE RI,DR. STRANGE/STEPHEN ,89
SCARLET WITCH/WANDA ,HERCULES [GREEK GOD],88
PUNISHER II/FRANK CA,MICROCHIP/LINUS LIEB,88
SHANG-CHI,"WU, LEIKO",88
PHOENIX III/RACHEL S,SHADOWCAT/KATHERINE ,88
SCARLET WITCH/WANDA ,HUMAN TORCH/JOHNNY S,88
"SUMMERS, NATHAN CHRI",CYCLOPS/SCOTT SUMMER,87
MEDUSA/MEDUSALITH AM,TRITON,87
INVISIBLE WOMAN/SUE ,WASP/JANET VAN DYNE ,87
ANT-MAN/DR. HENRY J.,TIGRA/GREER NELSON,87
CRYSTAL [INHUMAN],VISION ,87
TIGRA/GREER NELSON,IRON MAN/TONY STARK ,87
BOX IV/MADISON JEFFR,"HUDSON, HEATHER",87
SCARLET WITCH/WANDA ,INVISIBLE WOMAN/SUE ,87
USAGENT/CAPTAIN JOHN,IRON MAN/TONY STARK ,87
HAWK,SHE-HULK/JENNIFER WA,87
MEDUSA/MEDUSALITH AM,MR. FANTASTIC/REED R,86
PROFESSOR X/CHARLES ,MAGNETO/MAGNUS/ERIC ,86
SHAMAN/MICHAEL TWOYO,"HUDSON, HEATHER",86
GAMBIT/REMY LEBEAU ,CYCLOPS/SCOTT SUMMER,86
MR. FANTASTIC/REED R,SUB-MARINER/NAMOR MA,86
MAGIK/ILLYANA RASPUT,WOLFSBANE/RAHNE SINC,86
ANT-MAN/DR. HENRY J.,BLACK PANTHER/T'CHAL,86
HEIMDALL [ASGARDIAN],SIF,86
GREEN GOBLIN/NORMAN ,SPIDER-MAN/PETER PAR,85
HEIMDALL [ASGARDIAN],BALDER [ASGARDIAN],85
SHANG-CHI,"RESTON, CLIVE",85
"JAMESON, J. JONAH","URICH, BEN",85
BEAST/HENRY &HANK& P,COLOSSUS II/PETER RA,85
HULK/DR. ROBERT BRUC,IRON MAN/TONY STARK ,85
WASP/JANET VAN DYNE ,BLACK PANTHER/T'CHAL,84
GEE/ALEX POWER,COUNTERWEIGHT II/KAT,84
GEE/ALEX POWER,COUNTERWEIGHT/JACK P,84
CAPTAIN MARVEL II/MO,THOR/DR. DONALD BLAK,84
MOCKINGBIRD/DR. BARB,TIGRA/GREER NELSON,84
"SMITH, SIR DENIS NAY",SHANG-CHI,84
LIGHTSPEED/JULIE POW,COUNTERWEIGHT/JACK P,84
NORTHSTAR/JEAN-PAUL ,PUCK/EUGENE MILTON J,84
"HUDSON, HEATHER",AURORA/JEANNE-MARIE ,84
LIGHTSPEED/JULIE POW,GEE/ALEX POWER,84
STORM/ORORO MUNROE S,MAGNETO/MAGNUS/ERIC ,84
BALDER [ASGARDIAN],KARNILLA [ASGARDIAN],84
MAGIK/ILLYANA RASPUT,MIRAGE II/DANIELLE M,84
LIGHTSPEED/JULIE POW,COUNTERWEIGHT II/KAT,83
SUB-MARINER/NAMOR MA,VASHTI,83
INVISIBLE WOMAN/SUE ,LYJA LAZERFIST [SKRU,83
COUNTERWEIGHT/JACK P,COUNTERWEIGHT II/KAT,83
HAWK,HERCULES [GREEK GOD],83
"MACTAGGERT, MOIRA KI",PROFESSOR X/CHARLES ,83
GORGON [INHUMAN],CRYSTAL [INHUMAN],82
"ALRAUNE, MARLENE",MOON KNIGHT/MARC SPE,82
NAMORITA/NITA PRENTI,NOVA/RICHARD RIDER,82
"WATSON, ANNA","PARKER, MAY",82
FIRESTAR/ANGELICA JO,NOVA/RICHARD RIDER,82
WARLOCK III,MIRAGE II/DANIELLE M,82
"KNIGHT, MISTY","WING, COLLEEN",82
SUB-MARINER/NAMOR MA,MISS AMERICA/MADELIN,82
SERSI/SYLVIA,CAPTAIN AMERICA,82
LYJA LAZERFIST [SKRU,THING/BENJAMIN J. GR,81
BLACK KNIGHT V/DANE ,CAPTAIN MARVEL II/MO,81
HERCULES [GREEK GOD],CRYSTAL [INHUMAN],81
BLACK BOLT/BLACKANTO,CRYSTAL [INHUMAN],81
"JONES, GABE","DUGAN, TIMOTHY ALOYI",81
"SUMMERS, NATHAN CHRI",CANNONBALL II/SAM GU,81
CYPHER/DOUG RAMSEY,WOLFSBANE/RAHNE SINC,81
"OSBORN, LIZ ALLAN","JAMESON, J. JONAH",81
"OSBORN, HARRY","PARKER, MAY",81
CRYSTAL [INHUMAN],KARNAK [INHUMAN],80
IRON FIST/DANIEL RAN,"KNIGHT, MISTY",80
HAWK,THING/BENJAMIN J. GR,80
"JONES, RICHARD MILHO",CAPTAIN AMERICA,80
HAVOK/ALEX SUMMERS ,PSYLOCKE/ELISABETH B,80
MAGNETO/MAGNUS/ERIC ,WOLVERINE/LOGAN ,80
HAWK,MR. FANTASTIC/REED R,80
"ARBOGAST, BAMBI",IRON MAN/TONY STARK ,80
PSYLOCKE/ELISABETH B,GAMBIT/REMY LEBEAU ,80
"DUGAN, TIMOTHY ALOYI",CAPTAIN AMERICA,79
"MACTAGGERT, MOIRA KI",WOLVERINE/LOGAN ,79
SHANNA/SHANNA O'HARA,KA-ZAR/KEVIN PLUNDER,79
THING/BENJAMIN J. GR,MS. MARVEL II/SHARON,79
RICTOR/JULIO ESTEBAN,BOOMER/TABITHA SMITH,79
MARVEL GIRL/JEAN GRE,HAVOK/ALEX SUMMERS ,79
IRON MAN/TONY STARK ,HERCULES [GREEK GOD],79
CAPTAIN AMERICA,REDWING,79
PUCK/EUGENE MILTON J,AURORA/JEANNE-MARIE ,78
WASP/JANET VAN DYNE ,SPIDER-MAN/PETER PAR,78
COLOSSUS II/PETER RA,MAGNETO/MAGNUS/ERIC ,78
THOR/DR. DONALD BLAK,ENCHANTRESS/AMORA/HE,78
PROFESSOR X/CHARLES ,CANNONBALL II/SAM GU,78
ROGUE /,HAVOK/ALEX SUMMERS ,78
SPIDER-MAN/PETER PAR,"LEEDS, NED",78
MEDUSA/MEDUSALITH AM,CRYSTAL [INHUMAN],78
SPEEDBALL/ROBBIE BAL,NOVA/RICHARD RIDER,78
CAPTAIN AMERICA,WOLVERINE/LOGAN ,78
"SUMMERS, NATHAN CHRI",BEAST/HENRY &HANK& P,78
HELLCAT/PATSY WALKER,"NORRISS, SISTER BARB",78
SUNSPOT/ROBERTO DACO,MAGIK/ILLYANA RASPUT,77
HULK/DR. ROBERT BRUC,INVISIBLE WOMAN/SUE ,77
WONDER MAN/SIMON WIL,USAGENT/CAPTAIN JOHN,77
BANSHEE/SEAN CASSIDY,NIGHTCRAWLER/KURT WA,77
POLARIS/LORNA DANE,MARVEL GIRL/JEAN GRE,77
IRON MAN/TONY STARK ,BINARY/CAROL DANVERS,77
GAMBIT/REMY LEBEAU ,COLOSSUS II/PETER RA,77
SPIDER-MAN CLONE/BEN,"WATSON-PARKER, MARY ",77
BLACK KNIGHT V/DANE ,WASP/JANET VAN DYNE ,76
BOOMER/TABITHA SMITH,"SUMMERS, NATHAN CHRI",76
"JARVIS, EDWIN ",HERCULES [GREEK GOD],76
"MACTAGGERT, MOIRA KI",STORM/ORORO MUNROE S,76
QUASAR III/WENDELL V,VISION ,76
THING/BENJAMIN J. GR,WOLVERINE/LOGAN ,76
SHE-HULK/JENNIFER WA,WONDER MAN/SIMON WIL,76
"TARR, BLACK JACK","RESTON, CLIVE",76
BOOMER/TABITHA SMITH,SIRYN/THERESA ROURKE,76
THOR/DR. DONALD BLAK,KARNILLA [ASGARDIAN],76
"ROSENTHAL, BERNIE",CAPTAIN AMERICA,76
"TARR, BLACK JACK","SMITH, SIR DENIS NAY",75
"JAMESON, J. JONAH","GRANT, GLORIA GLORY",75
ANT-MAN/DR. HENRY J.,MOCKINGBIRD/DR. BARB,75
JUBILEE/JUBILATION L,SKIN/ANGELO ESPINOSA,75
SHADOWCAT/KATHERINE ,CYCLOPS/SCOTT SUMMER,75
IRON FIST/DANIEL RAN,"WING, COLLEEN",75
SASQUATCH/WALTER LAN,NORTHSTAR/JEAN-PAUL ,75
COLOSSUS II/PETER RA,ICEMAN/ROBERT BOBBY ,75
ANGEL/WARREN KENNETH,ROGUE /,75
"OSBORN, HARRY","THOMPSON, EUGENE FLA",75
SCARLET WITCH/WANDA ,SPIDER-WOMAN II/JULI,75
SPIDER-MAN/PETER PAR,VISION ,75
POLARIS/LORNA DANE,STORM/ORORO MUNROE S,74
BANSHEE/SEAN CASSIDY,PROFESSOR X/CHARLES ,74
"WATSON-PARKER, MARY ","URICH, BEN",74
WHITE QUEEN/EMMA FRO,JUBILEE/JUBILATION L,74
SASQUATCH/WALTER LAN,AURORA/JEANNE-MARIE ,74
HEIMDALL [ASGARDIAN],LOKI [ASGARDIAN],74
POLARIS/LORNA DANE,PROFESSOR X/CHARLES ,74
MOCKINGBIRD/DR. BARB,IRON MAN/TONY STARK ,74
"WU, LEIKO","TARR, BLACK JACK",74
SASQUATCH/WALTER LAN,PUCK/EUGENE MILTON J,74
BLACK KNIGHT V/DANE ,SHE-HULK/JENNIFER WA,74
USAGENT/CAPTAIN JOHN,SPIDER-WOMAN II/JULI,74
NOVA/RICHARD RIDER,NIGHT THRASHER/DUANE,74
"THOMPSON, EUGENE FLA","ROBERTSON, JOE",73
CHAMBER/JONOTHON STA,JUBILEE/JUBILATION L,73
"JONES, RICHARD MILHO","ROSS, GEN. THADDEUS ",73
ODIN [ASGARDIAN],VIZIER,73
CRYSTAL [INHUMAN],BLACK WIDOW/NATASHA ,73
PROFESSOR X/CHARLES ,PSYLOCKE/ELISABETH B,73
HAVOK/ALEX SUMMERS ,ICEMAN/ROBERT BOBBY ,73
BEAST/HENRY &HANK& P,"JARVIS, EDWIN ",73
SHADOWCAT/KATHERINE ,"MACTAGGERT, MOIRA KI",73
THUNDERBIRD II/JAMES,SUNSPOT/ROBERTO DACO,73
"RESTON, CLIVE","WU, LEIKO",73
THING/BENJAMIN J. GR,ANT-MAN/DR. HENRY J.,73
SILVER SURFER/NORRIN,THING/BENJAMIN J. GR,73
THUNDERBIRD II/JAMES,SIRYN/THERESA ROURKE,73
CAPTAIN AMERICA,CRYSTAL [INHUMAN],73
BEAST/HENRY &HANK& P,HAVOK/ALEX SUMMERS ,72
SASQUATCH/WALTER LAN,SHAMAN/MICHAEL TWOYO,72
THOR/DR. DONALD BLAK,VIZIER,72
JUBILEE/JUBILATION L,HUSK/PAIGE GUTHRIE,72
CANNONBALL II/SAM GU,CYCLOPS/SCOTT SUMMER,72
"ROBERTSON, JOE","OSBORN, HARRY",72
GAMBIT/REMY LEBEAU ,ICEMAN/ROBERT BOBBY ,72
CRYSTAL [INHUMAN],LOCKJAW [INHUMAN],72
ANT-MAN/DR. HENRY J.,MR. FANTASTIC/REED R,72
WOLFSBANE/RAHNE SINC,COLOSSUS II/PETER RA,72
ANT-MAN/DR. HENRY J.,SHE-HULK/JENNIFER WA,72
MAGNETO/MAGNUS/ERIC ,CYCLOPS/SCOTT SUMMER,72
THOR/DR. DONALD BLAK,HULK/DR. ROBERT BRUC,72
HAWK,USAGENT/CAPTAIN JOHN,72
"PARKER, MAY","OSBORN, LIZ ALLAN",72
SKIN/ANGELO ESPINOSA,CHAMBER/JONOTHON STA,72
HAVOK/ALEX SUMMERS ,ANGEL/WARREN KENNETH,72
ROGUE /,ICEMAN/ROBERT BOBBY ,72
BANSHEE/SEAN CASSIDY,WHITE QUEEN/EMMA FRO,71
THING/BENJAMIN J. GR,CYCLOPS/SCOTT SUMMER,71
CYCLOPS/SCOTT SUMMER,"MACTAGGERT, MOIRA KI",71
"JAMESON, J. JONAH","WATSON, ANNA",71
DOC SAMSON/DR. LEONA,"BANNER, BETTY ROSS T",71
STARFOX/EROS,CAPTAIN AMERICA,71
WOLVERINE/LOGAN ,HULK/DR. ROBERT BRUC,71
"GRANT, GLORIA GLORY","ROBERTSON, JOE",71
"STACY, GWEN","JAMESON, J. JONAH",71
IRON MAN/TONY STARK ,SUB-MARINER/NAMOR MA,71
DAREDEVIL/MATT MURDO,CAPTAIN AMERICA,71
STORM/ORORO MUNROE S,BISHOP /,71
DR. STRANGE/STEPHEN ,SPIDER-MAN/PETER PAR,71
CAPTAIN AMERICA,HUMAN TORCH ANDROID/,71
MARVEL GIRL/JEAN GRE,BISHOP /,70
WOLVERINE/LOGAN ,DAZZLER II/ALLISON B,70
MARVEL GIRL/JEAN GRE,CANNONBALL II/SAM GU,70
WASP/JANET VAN DYNE ,HULK/DR. ROBERT BRUC,70
SILVER SURFER/NORRIN,DR. STRANGE/STEPHEN ,70
BLACK BOLT/BLACKANTO,LOCKJAW [INHUMAN],70
VISION ,BLACK KNIGHT V/DANE ,70
"FURY, COL. NICHOLAS ","DE LA FONTAINE, CONT",70
WOLVERINE/LOGAN ,POLARIS/LORNA DANE,70
ZABU,SHANNA/SHANNA O'HARA,70
WASP/JANET VAN DYNE ,SUB-MARINER/NAMOR MA,70
KARNILLA [ASGARDIAN],SIF,70
HELLCAT/PATSY WALKER,HULK/DR. ROBERT BRUC,70
SILVER SURFER/NORRIN,GALACTUS/GALAN,70
ROGUE /,MAGNETO/MAGNUS/ERIC ,70
"LEEDS, BETTY BRANT","OSBORN, LIZ ALLAN",69
BEAST/HENRY &HANK& P,POLARIS/LORNA DANE,69
HERCULES [GREEK GOD],SHE-HULK/JENNIFER WA,69
SKIN/ANGELO ESPINOSA,HUSK/PAIGE GUTHRIE,69
SILVER SURFER/NORRIN,HUMAN TORCH/JOHNNY S,69
SHAMAN/MICHAEL TWOYO,PUCK/EUGENE MILTON J,69
STORM/ORORO MUNROE S,THING/BENJAMIN J. GR,69
HUMAN TORCH/JOHNNY S,MS. MARVEL II/SHARON,69
SCARLET WITCH/WANDA ,TIGRA/GREER NELSON,69
PHOENIX III/RACHEL S,MEGGAN,69
VISION ,HULK/DR. ROBERT BRUC,69
ICEMAN/ROBERT BOBBY ,POLARIS/LORNA DANE,69
LOCKJAW [INHUMAN],KARNAK [INHUMAN],69
HAVOK/ALEX SUMMERS ,PROFESSOR X/CHARLES ,69
"JAMESON, MARLA MADIS","JAMESON, J. JONAH",69
TIGRA/GREER NELSON,WASP/JANET VAN DYNE ,69
GORGON [INHUMAN],LOCKJAW [INHUMAN],69
ANGEL/WARREN KENNETH,GAMBIT/REMY LEBEAU ,68
MEDUSA/MEDUSALITH AM,INVISIBLE WOMAN/SUE ,68
BINARY/CAROL DANVERS,VISION ,68
STARSHINE II/BRANDY ,"ROM, SPACEKNIGHT",68
MEGGAN,LOCKHEED,68
CANNONBALL II/SAM GU,MAGMA/AMARA AQUILLA/,68
HUMAN TORCH/JOHNNY S,CYCLOPS/SCOTT SUMMER,68
"CARTER, PEGGY",CAPTAIN AMERICA,68
CRYSTAL [INHUMAN],TRITON,68
DR. STRANGE/STEPHEN ,ANCIENT ONE,68
LIZARD/DR. CURTIS CO,SPIDER-MAN/PETER PAR,68
DORMA [ATLANTEAN],SUB-MARINER/NAMOR MA,67
"OSBORN, LIZ ALLAN","OSBORN, HARRY",67
SYNCH/EVERETT THOMAS,JUBILEE/JUBILATION L,67
WOLVERINE/LOGAN ,HUMAN TORCH/JOHNNY S,67
SCARLET WITCH/WANDA ,SPIDER-MAN/PETER PAR,67
CAPTAIN MARVEL II/MO,HAWK,67
"KINCAID, DR. JANE FO",ODIN [ASGARDIAN],67
THING/BENJAMIN J. GR,BEAST/HENRY &HANK& P,67
WHITE QUEEN/EMMA FRO,SKIN/ANGELO ESPINOSA,67
SCARLET WITCH/WANDA ,MOCKINGBIRD/DR. BARB,67
CAPTAIN BRITAIN/BRIA,PHOENIX III/RACHEL S,67
THING/BENJAMIN J. GR,WONDER MAN/SIMON WIL,67
HAWK,HUMAN TORCH/JOHNNY S,67
LILANDRA NERAMANI [S,PROFESSOR X/CHARLES ,67
ANT-MAN/DR. HENRY J.,INVISIBLE WOMAN/SUE ,67
NAMORITA/NITA PRENTI,SPEEDBALL/ROBBIE BAL,67
DR. STRANGE/STEPHEN ,CAPTAIN AMERICA,67
CHAMBER/JONOTHON STA,HUSK/PAIGE GUTHRIE,67
SKIN/ANGELO ESPINOSA,SYNCH/EVERETT THOMAS,66
WHITE QUEEN/EMMA FRO,CHAMBER/JONOTHON STA,66
BINARY/CAROL DANVERS,WASP/JANET VAN DYNE ,66
ANGEL/WARREN KENNETH,POLARIS/LORNA DANE,66
NAMORITA/NITA PRENTI,FIRESTAR/ANGELICA JO,66
SYNCH/EVERETT THOMAS,HUSK/PAIGE GUTHRIE,66
"JARVIS, EDWIN ",QUICKSILVER/PIETRO M,66
SPIDER-MAN/PETER PAR,"ROBERTSON, RANDY",66
DAZZLER II/ALLISON B,ROGUE /,66
ICEMAN/ROBERT BOBBY ,PSYLOCKE/ELISABETH B,66
CYCLOPS/SCOTT SUMMER,CAPTAIN AMERICA,66
SHADOWCAT/KATHERINE ,CYPHER/DOUG RAMSEY,66
HULK/DR. ROBERT BRUC,SILVER SURFER/NORRIN,66
HUSK/PAIGE GUTHRIE,WHITE QUEEN/EMMA FRO,66
"URICH, BEN","ROBERTSON, JOE",66
VIZIER,FANDRAL [ASGARDIAN],66
BANSHEE/SEAN CASSIDY,SKIN/ANGELO ESPINOSA,66
"WATSON-PARKER, MARY ","OSBORN, LIZ ALLAN",66
NIGHTHAWK II/KYLE RI,HELLCAT/PATSY WALKER,66
SIRYN/THERESA ROURKE,SUNSPOT/ROBERTO DACO,66
MANDARIN,IRON MAN/TONY STARK ,65
SHAMAN/MICHAEL TWOYO,AURORA/JEANNE-MARIE ,65
HULK/DR. ROBERT BRUC,SCARLET WITCH/WANDA ,65
ANGEL/WARREN KENNETH,"SUMMERS, NATHAN CHRI",65
DR. DOOM/VICTOR VON ,CAPTAIN AMERICA,65
STARFOX/EROS,CAPTAIN MARVEL II/MO,65
MEDUSA/MEDUSALITH AM,LOCKJAW [INHUMAN],65
VOLSTAGG,VIZIER,65
JUSTICE II/VANCE AST,NOVA/RICHARD RIDER,65
DOC SAMSON/DR. LEONA,"ROSS, GEN. THADDEUS ",65
WARLOCK III,MAGIK/ILLYANA RASPUT,65
VISION ,STARFOX/EROS,65
"JONES, RICHARD MILHO",CAPTAIN MARVEL/CAPTA,65
SHAMAN/MICHAEL TWOYO,NORTHSTAR/JEAN-PAUL ,65
HAWK,BEAST/HENRY &HANK& P,65
HERCULES [GREEK GOD],CAPTAIN MARVEL II/MO,65
BISHOP /,PROFESSOR X/CHARLES ,65
CHAMBER/JONOTHON STA,BANSHEE/SEAN CASSIDY,65
VIZIER,HOGUN [ASGARDIAN],65
"STACY, GWEN","OSBORN, HARRY",64
SILVER SURFER/NORRIN,MR. FANTASTIC/REED R,64
SUB-MARINER/NAMOR MA,HUMAN TORCH ANDROID/,64
"ALRAUNE, MARLENE",FRENCHIE/JEAN-PAUL D,64
ICEMAN/ROBERT BOBBY ,BISHOP /,64
HUMAN TORCH/JOHNNY S,DAREDEVIL/MATT MURDO,64
"JONES, GABE","FURY, COL. NICHOLAS ",64
VISION ,SERSI/SYLVIA,64
"MASTERS, ALICIA REIS","RICHARDS, FRANKLIN B",64
"WOLFE, SARA",DR. STRANGE/STEPHEN ,64
LEADER/SAM STERNS,HULK/DR. ROBERT BRUC,64
SUB-MARINER/NAMOR MA,NAMORITA/NITA PRENTI,64
WONDER MAN/SIMON WIL,HERCULES [GREEK GOD],63
VISION ,CAPTAIN MARVEL II/MO,63
PENANCE/MONET ST. CR,JUBILEE/JUBILATION L,63
CHAMBER/JONOTHON STA,PENANCE/MONET ST. CR,63
HAWK,HULK/DR. ROBERT BRUC,63
BINARY/CAROL DANVERS,SCARLET WITCH/WANDA ,63
"JAMESON, COL. JOHN ",SPIDER-MAN/PETER PAR,63
SYNCH/EVERETT THOMAS,CHAMBER/JONOTHON STA,63
"RESTON, CLIVE","SMITH, SIR DENIS NAY",63
SPIDER-MAN/PETER PAR,WOLVERINE/LOGAN ,63
"CUSHING, KATE",SPIDER-MAN/PETER PAR,63
"LUBENSKI, NATE",SPIDER-MAN/PETER PAR,63
WHITE QUEEN/EMMA FRO,SYNCH/EVERETT THOMAS,63
CRYSTAL [INHUMAN],ANT-MAN/DR. HENRY J.,63
THING/BENJAMIN J. GR,PROFESSOR X/CHARLES ,63
"SUMMERS, NATHAN CHRI",STORM/ORORO MUNROE S,63
FIRESTAR/ANGELICA JO,NIGHT THRASHER/DUANE,62
IRON MAN/TONY STARK ,SPIDER-WOMAN II/JULI,62
STARFOX/EROS,WASP/JANET VAN DYNE ,62
QUASAR III/WENDELL V,SHE-HULK/JENNIFER WA,62
THUNDERSTRIKE/ERIC K,HERCULES [GREEK GOD],62
MAGMA/AMARA AQUILLA/,WOLFSBANE/RAHNE SINC,62
SPIDER-MAN/PETER PAR,SANDMAN/WILLIAM BAKE,62
HOBGOBLIN V/JASON PH,SPIDER-MAN/PETER PAR,62
BANSHEE/SEAN CASSIDY,HUSK/PAIGE GUTHRIE,62
SCARLET WITCH/WANDA ,DR. STRANGE/STEPHEN ,62
WONDER MAN/SIMON WIL,QUICKSILVER/PIETRO M,62
MIRAGE II/DANIELLE M,MAGMA/AMARA AQUILLA/,62
HAWK,INVISIBLE WOMAN/SUE ,62
CAPTAIN MARVEL II/MO,SCARLET WITCH/WANDA ,62
CAPTAIN BRITAIN/BRIA,LOCKHEED,62
SUB-MARINER/NAMOR MA,THOR/DR. DONALD BLAK,62
FIRESTAR/ANGELICA JO,SPEEDBALL/ROBBIE BAL,62
COLOSSUS II/PETER RA,POLARIS/LORNA DANE,62
NAMORITA/NITA PRENTI,NIGHT THRASHER/DUANE,62
"JAMESON, MARLA MADIS",SPIDER-MAN/PETER PAR,61
INVISIBLE WOMAN/SUE ,SILVER SURFER/NORRIN,61
"SMITH, SIR DENIS NAY","WU, LEIKO",61
"MACTAGGERT, MOIRA KI",BANSHEE/SEAN CASSIDY,61
INVISIBLE WOMAN/SUE ,WONDER MAN/SIMON WIL,61
SCARLET WITCH/WANDA ,STARFOX/EROS,61
CAPTAIN AMERICA,DIAMONDBACK II/RACHE,61
THOR/DR. DONALD BLAK,BLACK WIDOW/NATASHA ,61
THING/BENJAMIN J. GR,DAREDEVIL/MATT MURDO,61
MR. FANTASTIC/REED R,LYJA LAZERFIST [SKRU,61
PROFESSOR X/CHARLES ,CAPTAIN AMERICA,61
ICEMAN/ROBERT BOBBY ,"SUMMERS, NATHAN CHRI",61
SKIN/ANGELO ESPINOSA,PENANCE/MONET ST. CR,61
RICTOR/JULIO ESTEBAN,CANNONBALL II/SAM GU,61
PSYLOCKE/ELISABETH B,DAZZLER II/ALLISON B,61
HULK/DR. ROBERT BRUC,SHE-HULK/JENNIFER WA,61
"NORRISS, SISTER BARB",GARGOYLE II/ISAAC CH,60
MOONDRAGON/HEATHER D,BEAST/HENRY &HANK& P,60
VISION ,MOONDRAGON/HEATHER D,60
HUMAN TORCH/JOHNNY S,STORM/ORORO MUNROE S,60
"JONES, RICHARD MILHO","JONES, MARLO CHANDLE",60
WOLFSBANE/RAHNE SINC,"MACTAGGERT, MOIRA KI",60
DR. STRANGE/STEPHEN ,HELLCAT/PATSY WALKER,60
MOONSTONE II/KARLA S,SCREAMING MIMI/MELIS,60
MR. FANTASTIC/REED R,BEAST/HENRY &HANK& P,60
BOX IV/MADISON JEFFR,SASQUATCH/WALTER LAN,60
VISION ,MOCKINGBIRD/DR. BARB,60
PROFESSOR X/CHARLES ,HUMAN TORCH/JOHNNY S,60
CANNONBALL II/SAM GU,BEAST/HENRY &HANK& P,60
SUB-MARINER/NAMOR MA,SHE-HULK/JENNIFER WA,59
"PARKER, MAY","LUBENSKI, NATE",59
SYNCH/EVERETT THOMAS,BANSHEE/SEAN CASSIDY,59
USAGENT/CAPTAIN JOHN,ANT-MAN/DR. HENRY J.,59
BLACK WIDOW/NATASHA ,"JARVIS, EDWIN ",59
CAPTAIN AMERICA,BINARY/CAROL DANVERS,59
LOCKHEED,PHOENIX III/RACHEL S,59
BOOMER/TABITHA SMITH,DOMINO III/BEATRICE/,59
WOLFSBANE/RAHNE SINC,SHADOWCAT/KATHERINE ,59
DR. DOOM/VICTOR VON ,SUB-MARINER/NAMOR MA,59
SCARLET WITCH/WANDA ,SUB-MARINER/NAMOR MA,59
IRON MAN/TONY STARK ,"SITWELL, JASPER",59
ANGEL/WARREN KENNETH,NIGHTCRAWLER/KURT WA,59
"SUMMERS, NATHAN CHRI",WOLVERINE/LOGAN ,59
"KNIGHT, MISTY","CAGE, LUKE/CARL LUCA",59
"JARVIS, EDWIN ",SHE-HULK/JENNIFER WA,59
MOONSTONE II/KARLA S,POWER MAN/ERIK JOSTE,59
RINTRAH,DR. STRANGE/STEPHEN ,59
HUMAN TORCH/JOHNNY S,ANT-MAN/DR. HENRY J.,59
SUNSPOT/ROBERTO DACO,MAGMA/AMARA AQUILLA/,59
VIZIER,SIF,59
"NORRISS, SISTER BARB",SUB-MARINER/NAMOR MA,58
"JAMESON, J. JONAH",GREEN GOBLIN/NORMAN ,58
HULK/DR. ROBERT BRUC,"QUARTERMAIN, CLAY",58
CYCLOPS/SCOTT SUMMER,MR. FANTASTIC/REED R,58
SHE-HULK/JENNIFER WA,SPIDER-MAN/PETER PAR,58
TRITON,LOCKJAW [INHUMAN],58
IRON MAN/TONY STARK ,"JONES, RICHARD MILHO",58
DRACULA/VLAD TEPES,"DRAKE, FRANKLIN",58
IRON MAN IV/JAMES R.,HAWK,58
BOOMER/TABITHA SMITH,MIRAGE II/DANIELLE M,58
VISION ,DR. STRANGE/STEPHEN ,58
FIRESTAR/ANGELICA JO,CAPTAIN AMERICA,58
SCARLET WITCH/WANDA ,MOONDRAGON/HEATHER D,58
HUMAN TORCH/JOHNNY S,"WINGFOOT, WYATT",58
NIGHT THRASHER/DUANE,SPEEDBALL/ROBBIE BAL,58
KARNILLA [ASGARDIAN],HOGUN [ASGARDIAN],58
DAREDEVIL/MATT MURDO,INVISIBLE WOMAN/SUE ,58
BALDER [ASGARDIAN],VIZIER,57
SUNSPOT/ROBERTO DACO,"SUMMERS, NATHAN CHRI",57
KARNILLA [ASGARDIAN],ODIN [ASGARDIAN],57
GEE/ALEX POWER,"POWER, DR. JIM",57
"STACY, JILL",SPIDER-MAN/PETER PAR,57
CYPHER/DOUG RAMSEY,CANNONBALL II/SAM GU,57
MAGMA/AMARA AQUILLA/,MAGIK/ILLYANA RASPUT,57
WOLFSBANE/RAHNE SINC,NIGHTCRAWLER/KURT WA,57
STORM/ORORO MUNROE S,DAZZLER II/ALLISON B,57
LONGSHOT,DAZZLER II/ALLISON B,57
PATRIOT/JEFF MACE,HUMAN TORCH ANDROID/,57
QUICKSILVER/PIETRO M,BEAST/HENRY &HANK& P,57
CAPTAIN AMERICA,STORM/ORORO MUNROE S,57
THUNDERBIRD II/JAMES,DOMINO III/BEATRICE/,57
MADAME MASQUE/GIULIE,IRON MAN/TONY STARK ,57
HUMAN TORCH/JOHNNY S,BEAST/HENRY &HANK& P,57
BOX IV/MADISON JEFFR,PUCK/EUGENE MILTON J,57
MOONDRAGON/HEATHER D,CAPTAIN AMERICA,57
SPIDER-MAN/PETER PAR,HAWK,57
THING/BENJAMIN J. GR,BLACK BOLT/BLACKANTO,57
SUB-MARINER/NAMOR MA,VISION ,57
STORM/ORORO MUNROE S,LILANDRA NERAMANI [S,56
CAPTAIN AMERICA,TIGRA/GREER NELSON,56
"LEEDS, BETTY BRANT","OSBORN, HARRY",56
LIGHTSPEED/JULIE POW,"POWER, DR. JIM",56
TIGRA/GREER NELSON,VISION ,56
KINGPIN/WILSON FISK,"NELSON, FRANKLIN FOG",56
CYCLOPS/SCOTT SUMMER,APOCALYPSE/EN SABAH ,56
"POWER, DR. JIM",COUNTERWEIGHT/JACK P,56
"POWER, DR. JIM",COUNTERWEIGHT II/KAT,56
PROFESSOR X/CHARLES ,WOLFSBANE/RAHNE SINC,56
BISHOP /,BEAST/HENRY &HANK& P,56
POWER MAN/ERIK JOSTE,SCREAMING MIMI/MELIS,56
"CARTER, SHARON",FALCON/SAM WILSON,56
PENANCE/MONET ST. CR,HUSK/PAIGE GUTHRIE,56
CAPTAIN AMERICA,USAGENT/CAPTAIN JOHN,56
GORGON [INHUMAN],THING/BENJAMIN J. GR,56
SCARLET WITCH/WANDA ,LIVING LIGHTNING/MIG,56
CRYSTAL [INHUMAN],SCARLET WITCH/WANDA ,55
WOLVERINE/LOGAN ,FORGE,55
BANSHEE/SEAN CASSIDY,PENANCE/MONET ST. CR,55
KARNILLA [ASGARDIAN],FANDRAL [ASGARDIAN],55
"WATSON-PARKER, MARY ","GRANT, GLORIA GLORY",55
DR. STRANGE/STEPHEN ,THING/BENJAMIN J. GR,55
PENANCE/MONET ST. CR,WHITE QUEEN/EMMA FRO,55
JUBILEE/JUBILATION L,STORM/ORORO MUNROE S,55
MARVEL GIRL/JEAN GRE,APOCALYPSE/EN SABAH ,55
LEECH,"MADDICKS, ARTHUR ART",55
COLOSSUS II/PETER RA,DAZZLER II/ALLISON B,55
PSYLOCKE/ELISABETH B,JUBILEE/JUBILATION L,55
BLACK PANTHER/T'CHAL,"JARVIS, EDWIN ",55
SERSI/SYLVIA,HERCULES [GREEK GOD],55
CYPHER/DOUG RAMSEY,MIRAGE II/DANIELLE M,55
HUMAN TORCH/JOHNNY S,BLACK BOLT/BLACKANTO,55
THUNDERBIRD II/JAMES,SHATTERSTAR II/GAVEE,55
BEAST/HENRY &HANK& P,"NORRISS, SISTER BARB",55
MAGNETO/MAGNUS/ERIC ,CANNONBALL II/SAM GU,55
CAPTAIN AMERICA,THUNDERSTRIKE/ERIC K,55
HERCULES [GREEK GOD],QUASAR III/WENDELL V,54
CAPTAIN AMERICA,SILVER SURFER/NORRIN,54
ICEMAN/ROBERT BOBBY ,CANNONBALL II/SAM GU,54
WASP/JANET VAN DYNE ,MOCKINGBIRD/DR. BARB,54
MARROW/SARAH ,STORM/ORORO MUNROE S,54
LONGSHOT,ROGUE /,54
KARNILLA [ASGARDIAN],VOLSTAGG,54
LONGSHOT,PSYLOCKE/ELISABETH B,54
FORGE,STORM/ORORO MUNROE S,54
NIGHTCRAWLER/KURT WA,MAGNETO/MAGNUS/ERIC ,54
IRON MAN IV/JAMES R.,"ARBOGAST, BAMBI",54
BLACK KNIGHT V/DANE ,"JARVIS, EDWIN ",54
BLACK KNIGHT V/DANE ,THOR/DR. DONALD BLAK,54
SIRYN/THERESA ROURKE,CANNONBALL II/SAM GU,54
CYCLOPS/SCOTT SUMMER,BISHOP /,54
WONDER MAN/SIMON WIL,LIVING LIGHTNING/MIG,54
MR. FANTASTIC/REED R,"WINGFOOT, WYATT",54
IRON MAN/TONY STARK ,"CABE, BETHANY",54
COLOSSUS II/PETER RA,CAPTAIN AMERICA,54
SPIDER-MAN/PETER PAR,VENOM/EDDIE BROCK,54
HUMAN TORCH/JOHNNY S,WONDER MAN/SIMON WIL,54
PHARAOH RAMA-TUT,CAPTAIN AMERICA,54
INVISIBLE WOMAN/SUE ,BEAST/HENRY &HANK& P,54
BOOMER/TABITHA SMITH,SHATTERSTAR II/GAVEE,54
SCREAMING MIMI/MELIS,BEETLE/ABNER RONALD ,54
SERSI/SYLVIA,QUASAR III/WENDELL V,54
QUASAR III/WENDELL V,WONDER MAN/SIMON WIL,54
JUSTICE II/VANCE AST,NIGHT THRASHER/DUANE,53
DORMAMMU,DR. STRANGE/STEPHEN ,53
BLACK KNIGHT V/DANE ,HAWK,53
ROGUE /,CANNONBALL II/SAM GU,53
LOKI [ASGARDIAN],KARNILLA [ASGARDIAN],53
BLACK WIDOW/NATASHA ,"PETROVITCH, IVAN",53
COLOSSUS II/PETER RA,THING/BENJAMIN J. GR,53
IRON MAN/TONY STARK ,DAREDEVIL/MATT MURDO,53
SUB-MARINER/NAMOR MA,ANT-MAN/DR. HENRY J.,53
CYCLOPS/SCOTT SUMMER,HULK/DR. ROBERT BRUC,53
MR. FANTASTIC/REED R,WOLVERINE/LOGAN ,53
"JAMESON, J. JONAH","LEEDS, NED",53
SHE-HULK/JENNIFER WA,WOLVERINE/LOGAN ,53
GALACTUS/GALAN,MR. FANTASTIC/REED R,53
BEAST/HENRY &HANK& P,GARGOYLE II/ISAAC CH,53
GORGON [INHUMAN],HUMAN TORCH/JOHNNY S,53
CAPTAIN MARVEL II/MO,"JARVIS, EDWIN ",53
THING/BENJAMIN J. GR,"HARKNESS, AGATHA",53
THING/BENJAMIN J. GR,GALACTUS/GALAN,53
"WOLFE, SARA",WONG,53
JUBILEE/JUBILATION L,GAMBIT/REMY LEBEAU ,53
"CARTER, SHARON","FURY, COL. NICHOLAS ",53
HAVOK/ALEX SUMMERS ,WOLFSBANE/RAHNE SINC,53
MIRAGE II/DANIELLE M,THUNDERBIRD II/JAMES,52
"MERCADO, JOY",SPIDER-MAN/PETER PAR,52
HULK/DR. ROBERT BRUC,"JONES, MARLO CHANDLE",52
"LEEDS, BETTY BRANT","LEEDS, NED",52
"WING, COLLEEN","CAGE, LUKE/CARL LUCA",52
POWER MAN/ERIK JOSTE,HAWK,52
KARNAK [INHUMAN],THING/BENJAMIN J. GR,52
DR. STRANGE/STEPHEN ,IRON MAN/TONY STARK ,52
PYRO/ALLERDYCE JOHNN,BLOB/FRED J. DUKES,52
SUNSPOT/ROBERTO DACO,RICTOR/JULIO ESTEBAN,52
"SUMMERS, NATHAN CHRI",THUNDERBIRD II/JAMES,52
MR. FANTASTIC/REED R,DAREDEVIL/MATT MURDO,52
NIGHTCRAWLER/KURT WA,CYPHER/DOUG RAMSEY,52
ANGEL/WARREN KENNETH,CAPTAIN AMERICA,52
"POWER, MARGARET",GEE/ALEX POWER,52
PROFESSOR X/CHARLES ,MR. FANTASTIC/REED R,52
BARON MORDO/KARL MOR,DR. STRANGE/STEPHEN ,52
STORM/ORORO MUNROE S,WOLFSBANE/RAHNE SINC,52
JUSTICE II/VANCE AST,NAMORITA/NITA PRENTI,52
GAMBIT/REMY LEBEAU ,BISHOP /,52
"WATSON-PARKER, MARY ",GREEN GOBLIN/NORMAN ,52
GALACTUS/GALAN,HUMAN TORCH/JOHNNY S,51
WASP/JANET VAN DYNE ,PHARAOH RAMA-TUT,51
MR. FANTASTIC/REED R,STORM/ORORO MUNROE S,51
TALISMAN II/ELIZABET,"HUDSON, HEATHER",51
INVISIBLE WOMAN/SUE ,"HARKNESS, AGATHA",51
BEAST/HENRY &HANK& P,SPIDER-MAN/PETER PAR,51
THING/BENJAMIN J. GR,UATU,51
DORMA [ATLANTEAN],PATRIOT/JEFF MACE,51
SILVER SURFER/NORRIN,SUB-MARINER/NAMOR MA,51
USAGENT/CAPTAIN JOHN,WASP/JANET VAN DYNE ,51
WONDER MAN/SIMON WIL,BINARY/CAROL DANVERS,51
BEAST/HENRY &HANK& P,MAGNETO/MAGNUS/ERIC ,51
WONDER MAN/SIMON WIL,BLACK PANTHER/T'CHAL,51
HAVOK/ALEX SUMMERS ,STRONG GUY/GUIDO CAR,51
INVISIBLE WOMAN/SUE ,WOLVERINE/LOGAN ,51
DRACULA/VLAD TEPES,"VAN HELSING, RACHEL",51
GAMBIT/REMY LEBEAU ,NIGHTCRAWLER/KURT WA,51
PENANCE/MONET ST. CR,SYNCH/EVERETT THOMAS,51
"JONES, RICHARD MILHO",WASP/JANET VAN DYNE ,51
MOONSTONE II/KARLA S,BEETLE/ABNER RONALD ,51
HUMAN TORCH/JOHNNY S,"HARKNESS, AGATHA",51
PROFESSOR X/CHARLES ,SUNSPOT/ROBERTO DACO,51
CYCLOPS/SCOTT SUMMER,JUBILEE/JUBILATION L,51
LONGSHOT,WOLVERINE/LOGAN ,51
ROGUE /,POLARIS/LORNA DANE,51
CYCLOPS/SCOTT SUMMER,SPIDER-MAN/PETER PAR,51
MOCKINGBIRD/DR. BARB,CAPTAIN AMERICA,51
THING/BENJAMIN J. GR,QUICKSILVER/PIETRO M,51
GORGON [INHUMAN],MR. FANTASTIC/REED R,51
TRITON,THING/BENJAMIN J. GR,50
HERCULES [GREEK GOD],ICEMAN/ROBERT BOBBY ,50
IRON MAN/TONY STARK ,BLACK KNIGHT V/DANE ,50
"JONES, RICHARD MILHO",HAWK,50
DAREDEVIL/MATT MURDO,"JAMESON, J. JONAH",50
SHAMAN/MICHAEL TWOYO,SNOWBIRD/NARYA/ANNE ,50
"VAN HELSING, RACHEL","DRAKE, FRANKLIN",50
MOONDRAGON/HEATHER D,IRON MAN/TONY STARK ,50
"POWER, MARGARET",COUNTERWEIGHT II/KAT,50
JOCASTA,IRON MAN/TONY STARK ,50
"GLENN, HEATHER",DAREDEVIL/MATT MURDO,50
LIGHTSPEED/JULIE POW,"POWER, MARGARET",50
MR. FANTASTIC/REED R,WONDER MAN/SIMON WIL,50
BEAST/HENRY &HANK& P,DR. STRANGE/STEPHEN ,50
WOLVERINE/LOGAN ,MARROW/SARAH ,50
MR. FANTASTIC/REED R,BLACK BOLT/BLACKANTO,50
WOLFSBANE/RAHNE SINC,WOLVERINE/LOGAN ,50
COUNTERWEIGHT/JACK P,"POWER, MARGARET",50
MAGIK/ILLYANA RASPUT,CYPHER/DOUG RAMSEY,50
MOONDRAGON/HEATHER D,THOR/DR. DONALD BLAK,50
DAZZLER II/ALLISON B,HAVOK/ALEX SUMMERS ,50
BLACK BOLT/BLACKANTO,MAXIMUS [INHUMAN],50
DR. STRANGE/STEPHEN ,HUMAN TORCH/JOHNNY S,50
BLACK KNIGHT V/DANE ,SUB-MARINER/NAMOR MA,50
